{"Validation_accuracy": 0.34030530872636133, "Train_accuracy": 0.5512048192771084, "Test_accuracy": 0.3253012048192771, "Precision": 0.34878842007890765, "Recall": 0.3253012048192771, "F1 Score": 0.31907223762645454}