{"Validation_accuracy": 0.37796764638869895, "Train_accuracy": 0.4141566265060241, "Test_accuracy": 0.42771084337349397, "Precision": 0.4283359088095275, "Recall": 0.42771084337349397, "F1 Score": 0.409814891209416}