{"validation_RMSE": 227.27454222414707, "train_loss_MSE": 10266.27086588361, "test_loss_MSE": 11698.527132022056, "train_R2": 0.35761566914283993, "test_R2": 0.3923547727203005}