{"validation_RMSE": 2745656313439.4346, "train_loss_MSE": 4.945618239813151e+25, "test_loss_MSE": 6.3925189059379e+24, "train_R2": -3.094587806186717e+21, "test_R2": -3.3204039787673734e+20}