{"Validation_accuracy": 0.3674868990658465, "Train_accuracy": 0.983433734939759, "Test_accuracy": 0.3433734939759036, "Precision": 0.35700075845176366, "Recall": 0.3433734939759036, "F1 Score": 0.34305773148044255}