{"validation_RMSE": 182.92661921386556, "train_loss_MSE": 33222.279278420465, "test_loss_MSE": 40885.08048129392, "train_R2": -1.0787949122537572, "test_R2": -1.1236540071271777}