{"Validation_accuracy": 0.3931191615402142, "Train_accuracy": 0.6852409638554217, "Test_accuracy": 0.39759036144578314, "Precision": 0.41863586985247064, "Recall": 0.39759036144578314, "F1 Score": 0.386179763784907}