{"validation_RMSE": 5430955153720.746, "train_loss_MSE": 7.275555377620726e+24, "test_loss_MSE": 2.335435153965885e+24, "train_R2": -4.552483403100665e+20, "test_R2": -1.213072388441185e+20}