{"Validation_accuracy": 0.38400546821599457, "Train_accuracy": 0.4759036144578313, "Test_accuracy": 0.37349397590361444, "Precision": 0.4336436655713764, "Recall": 0.37349397590361444, "F1 Score": 0.35229184742407915}