{"Validation_accuracy": 0.3689336978810663, "Train_accuracy": 0.4126506024096386, "Test_accuracy": 0.4036144578313253, "Precision": 0.4507221059150295, "Recall": 0.4036144578313253, "F1 Score": 0.3747623898226307}