{"Validation_accuracy": 0.3357484620642515, "Train_accuracy": 0.44728915662650603, "Test_accuracy": 0.3433734939759036, "Precision": 0.3589324261114872, "Recall": 0.3433734939759036, "F1 Score": 0.3240931917634696}