{"validation_RMSE": 112.43416369253619, "train_loss_MSE": 2675.2273040286145, "test_loss_MSE": 11806.051368808567, "train_R2": 0.8326048353837863, "test_R2": 0.38676974577093604}