{"Validation_accuracy": 0.30878332194121666, "Train_accuracy": 0.3313253012048193, "Test_accuracy": 0.3493975903614458, "Precision": 0.27005604057890875, "Recall": 0.3493975903614458, "F1 Score": 0.26562189734170844}