{"Validation_accuracy": 0.3780132148553201, "Train_accuracy": 0.7304216867469879, "Test_accuracy": 0.3855421686746988, "Precision": 0.4066192760673199, "Recall": 0.3855421686746988, "F1 Score": 0.387686349911722}