{"validation_RMSE": 162.48132575615097, "train_loss_MSE": 340.76396908131585, "test_loss_MSE": 23133.404559261526, "train_R2": 0.978677609706756, "test_R2": -0.20159595413410059}