{"validation_RMSE": 113.92877688424014, "train_loss_MSE": 33.99246987951807, "test_loss_MSE": 13402.959710138031, "train_R2": 0.9978730124791173, "test_R2": 0.3038230875240301}