{"validation_RMSE": 150.26544237533426, "train_loss_MSE": 36.63403614457831, "test_loss_MSE": 21851.140060240963, "train_R2": 0.9977077235636227, "test_R2": -0.13499253524666965}