{"Validation_accuracy": 0.3251537935748462, "Train_accuracy": 0.3328313253012048, "Test_accuracy": 0.35542168674698793, "Precision": 0.3590315106580167, "Recall": 0.35542168674698793, "F1 Score": 0.3218864799053003}