{"validation_RMSE": 105.80257156722988, "train_loss_MSE": 9546.916449767115, "test_loss_MSE": 13200.839982002772, "train_R2": 0.4026273400097926, "test_R2": 0.31432159616143596}